Johannes Brahms,Ludwig Beethoven,Johann Sebastian Bach,Samuel Barber,Bela Bartok,Antonin Dvorak,Wolfgang Amadeus Mozart,John Cage,John Williams,Antonio Vivaldi
In,Deafness,Harmony,Adagio's,Folklore,From,Child,Silence,Soundtracks,Seasons
lush,could,unfolds,tears,Comes,Bohemian,prodigy's,speaks,of,come
symphony,not,Baroque,fall,alive,lands,gift,volumes,the,alive
Melodies,Bind,notes,Elegy,Hungarian,Symphonic,Classical,Chance,heart,Vivaldi's
dance,heart’s,in,of,roots,tales,brilliance,and,Imagination,concertos
with,turmoil,perfect,haunting,embraced,enchant,shines,noise,takes,bloom
passion,And,Grace,grace,Bartok’s,all,bright,become,flight,Nature’s
Brahms,Triumph,Bach’s,Barber’s,vibrant,Dvorak’s,Mozart’s,art,Williams’,symphony
master's,Roared,eternal,mournful,voice,rich,timeless,forms,magic,
touch,Beethoven,gift,soul,,landscapes,grace,Cage,soar,
,divine,,,,,,avant,,
,,,,,,,garde,,
